user0001,cd880b726e0a0dbd4237f10d15da46f4
user0002,d0763edaa9d9bd2a9516280e9044d885
user0003,a152e841783914146e4bcd4f39100686
user0004,d8d3a01ba7e5d44394b6f0a8533f4647
user0005,b4aa2b48dbea8988e09addd46b4cbf38
user0006,6b44cc4f288bca6a921638d7410be517
user0007,008c5926ca861023c1d2a36653fd88e2
user0008,84d961568a65073a3bcf0eb216b2a576
user0009,2467d3744600858cc9026d5ac6005305
user0010,dad3a37aa9d50688b5157698acfd7aee
user0011,b0fc08a18d29407428cbac5d2e5cc682
user0012,f4f068e71e0d87bf0ad51e6214ab84e9
user0013,8ce18893d7762bff7bff7f487716030a
user0014,c3581516868fb3b71746931cac66390e
user0015,608f0b988db4a96066af7dd8870de96c
user0016,71112dcbe9a8ff9c204efb09d30a1f40
user0017,944f752e2a6de4cce3614c69f33633b9
user0018,a31e71cf55ca1382c2b698050ffaeba6
user0019,7324a0ac9453b0d7bde099c430647442
user0020,06cddbb1f760d09476988d66e814ca55
user0021,e1abd2c09f469952401d8b5321478857
user0022,4b81283e1109a97d3782d16e520fdf90
user0023,771ab37ead48393df915c899d88953fb
user0024,3b8d38f975af39690e28d4948a6b0ec6
user0025,e0dffa310784bf3b7d10ddebb49b4f82
user0026,be396941b3c6c560f99d806f3edc7051
user0027,a12c00667b8c34ae48884768ce5e0f86
user0028,9701940b01146082ede0bb6bb03d8a12
user0029,c664ccad680345b65a2d8e640a4db696
user0030,5ca2111ba5ddd4d636464903fb14079a
user0031,f621a28479dad6274ef3bf68b8f01a57
user0032,55620f66755b614cbf3d651b570c0adc
user0033,55eb3756f90c11336a23489c3fb04903
user0034,74d3dff1df86e3ba6516ad4b5f66f99c
user0035,5d02877d4c6be2d9e766c2e44b14f77c
user0036,4ddd0f8953d1d5c62b3200c44dc32e60
user0037,4b3a2c05780b3902771734968d42afcf
user0038,e70ee95dbc1492de9db08ad237393af7
user0039,875f98d309c5f1e3457096db1ccef5dd
user0040,e70fac66c7c2fb9c79984d7865df729e
user0041,26df1c4d74b27d4cdeafb9f6e1ef0a14
user0042,c6007160b8ab00a0019ff39d48899019
user0043,f7bd240de5c5c8a3a9b6ec8ce9608422
user0044,5e5495457145bf35595d8183e0d3efd6
user0045,987b539f4b55e2239931da8c8135851a
user0046,3785ec2b75cad3210254c57790daed3c
user0047,d3c89903bb3c118bdf554d7d123dcc27
user0048,1899e6d217b8bcef6737228ae0f8ce9f
user0049,1741dcc4570f773bef8d0ef55a2fb64e
user0050,9728b24dd53b9e85cdd106650ccca2ca
user0051,c1b44ef6ce02aca2a0095f3c8843ae14
user0052,50e40634a63887ca7a680781e83da6da
user0053,e94ec8f6bd5a02f60777017bc6afe75d
user0054,456e09014303c8fba2d37fe46be9335d
